home,away,close_time,pre_close_mid
BOS,TOR,2025-10-10 23:49:38.818097+00:00,0.495
ORL,PHI,2025-10-10 23:49:38.868154+00:00,0.65
UTA,SAS,2025-10-11 02:55:20.161794+00:00,0.695
SAC,POR,2025-10-11 04:56:11.126916+00:00,0.575
OKC,IND,2025-10-12 01:49:31.558391+00:00,0.475
ATL,MEM,2025-10-12 02:35:27.912728+00:00,0.655
CHA,DAL,2025-10-12 02:56:08.283620+00:00,0.29
BKN,PHX,2025-10-12 14:29:42.338014+00:00,0.37
TOR,WAS,2025-10-12 21:41:25.548373+00:00,0.625
MIA,ORL,2025-10-13 01:14:57.148056+00:00,0.34
MIL,CHI,2025-10-13 01:34:29.974291+00:00,0.5
CLE,BOS,2025-10-13 01:50:47.721513+00:00,0.655
GSW,LAL,2025-10-13 03:52:42.612350+00:00,0.485
DEN,LAC,2025-10-13 04:06:41.871093+00:00,0.415
MIA,ATL,2025-10-14 01:20:29.279382+00:00,0.385
SAS,IND,2025-10-14 01:30:03.290966+00:00,0.57
WAS,NYK,2025-10-14 02:19:45.706275+00:00,0.625
DAL,UTA,2025-10-14 03:54:37.081354+00:00,0.585
DET,CLE,2025-10-15 01:49:45.414973+00:00,0.625
OKC,MIL,2025-10-15 02:44:51.972486+00:00,0.365
HOU,NOP,2025-10-15 02:54:40.354211+00:00,0.68
CHI,DEN,2025-10-15 04:19:42.721235+00:00,0.355
GSW,POR,2025-10-15 05:39:41.725303+00:00,0.535
LAL,PHX,2025-10-15 05:39:41.744106+00:00,0.785
MEM,CHA,2025-10-16 01:44:43.430948+00:00,0.575
TOR,BOS,2025-10-16 02:39:40.395082+00:00,0.61
WAS,DET,2025-10-17 01:45:04.748173+00:00,0.67
NOP,ORL,2025-10-17 01:49:57.289204+00:00,0.275
HOU,ATL,2025-10-17 02:19:49.153856+00:00,0.705
MIN,CHI,2025-10-17 02:44:47.986965+00:00,0.31
POR,UTA,2025-10-17 03:59:53.794785+00:00,0.585
MIN,PHI,2025-10-18 01:39:46.753546+00:00,0.325
BKN,TOR,2025-10-18 01:54:36.172467+00:00,0.325
CHA,NYK,2025-10-18 02:14:49.789209+00:00,0.325
DEN,OKC,2025-10-18 02:44:48.678022+00:00,0.265
MEM,MIA,2025-10-18 02:49:46.159288+00:00,0.41
IND,SAS,2025-10-18 02:59:54.295614+00:00,0.375
LAC,GSW,2025-10-18 04:49:38.198785+00:00,0.605
SAC,LAL,2025-10-18 05:19:40.286658+00:00,0.695
HOU,OKC,2025-10-22 03:19:37.795636+00:00,0.38
GSW,LAL,2025-10-22 04:59:50.457820+00:00,0.565
CLE,NYK,2025-10-23 02:00:23.367911+00:00,0.545
MIA,ORL,2025-10-23 02:00:23.968287+00:00,0.245
BKN,CHA,2025-10-23 02:00:23.999467+00:00,0.355
TOR,ATL,2025-10-23 02:29:59.450350+00:00,0.665
PHI,BOS,2025-10-23 02:30:05.063282+00:00,0.635
DET,CHI,2025-10-23 03:00:08.566459+00:00,0.405
WAS,MIL,2025-10-23 03:04:47.482443+00:00,0.795
NOP,MEM,2025-10-23 03:04:47.695764+00:00,0.615
LAC,UTA,2025-10-23 06:07:04.623075+00:00,0.795
SAS,DAL,2025-10-23 06:29:47.138180+00:00,0.56
SAC,PHX,2025-10-23 06:29:47.458822+00:00,0.605
MIN,POR,2025-10-23 06:29:47.781837+00:00,0.655
OKC,IND,2025-10-24 03:09:59.121008+00:00,0.31
DEN,GSW,2025-10-24 05:04:43.838283+00:00,0.495
MIL,TOR,2025-10-25 01:35:58.693331+00:00,0.475
ATL,ORL,2025-10-25 01:51:26.695989+00:00,0.335
BOS,NYK,2025-10-25 02:26:25.973002+00:00,0.385
MIA,MEM,2025-10-25 02:46:47.078156+00:00,0.575
CLE,BKN,2025-10-25 02:46:58.843658+00:00,0.155
DET,HOU,2025-10-25 03:17:11.890996+00:00,0.295
SAS,NOP,2025-10-25 03:32:12.042650+00:00,0.375
WAS,DAL,2025-10-25 03:36:16.124126+00:00,0.795
GSW,POR,2025-10-25 04:52:05.768602+00:00,0.59
UTA,SAC,2025-10-25 04:56:19.268320+00:00,0.655
MIN,LAL,2025-10-25 05:06:50.219976+00:00,0.465
PHX,LAC,2025-10-25 05:32:32.679611+00:00,0.775
CHI,ORL,2025-10-26 01:58:53.195366+00:00,0.325
OKC,ATL,2025-10-26 02:02:12.762059+00:00,0.245
IND,MEM,2025-10-26 02:42:30.464754+00:00,0.455
CHA,PHI,2025-10-26 02:45:06.551199+00:00,0.375
PHX,DEN,2025-10-26 04:17:22.460800+00:00,0.855
BKN,SAS,2025-10-26 20:56:05.131020+00:00,0.175
BOS,DET,2025-10-26 22:47:48.326872+00:00,0.445
CHA,WAS,2025-10-27 01:05:38.783368+00:00,0.445
NYK,MIA,2025-10-27 01:10:25.980116+00:00,0.415
MIL,CLE,2025-10-27 01:15:49.415991+00:00,0.685
IND,MIN,2025-10-27 02:00:18.338426+00:00,0.185
TOR,DAL,2025-10-27 02:20:14.497963+00:00,0.495
POR,LAC,2025-10-27 03:50:21.753289+00:00,0.735
LAL,SAC,2025-10-27 04:00:33.538795+00:00,0.395
CLE,DET,2025-10-28 01:56:59.800691+00:00,0.575
ORL,PHI,2025-10-28 02:01:36.270587+00:00,0.675
ATL,CHI,2025-10-28 02:32:53.678531+00:00,0.555
BOS,NOP,2025-10-28 02:36:39.276157+00:00,0.635
TOR,SAS,2025-10-28 02:51:53.720203+00:00,0.635
BKN,HOU,2025-10-28 02:57:04.013551+00:00,0.115
OKC,DAL,2025-10-28 03:07:37.635614+00:00,0.235
PHX,UTA,2025-10-28 04:11:39.556095+00:00,0.465
DEN,MIN,2025-10-28 04:21:44.327508+00:00,0.685
MEM,GSW,2025-10-28 04:55:29.665314+00:00,0.745
POR,LAL,2025-10-28 05:15:51.580998+00:00,0.435
PHI,WAS,2025-10-29 02:05:58.457868+00:00,0.645
CHA,MIA,2025-10-29 02:16:07.727527+00:00,0.375
SAC,OKC,2025-10-29 02:30:11.030265+00:00,0.785
NYK,MIL,2025-10-29 03:00:08.111465+00:00,0.455
LAC,GSW,2025-10-29 05:39:48.076391+00:00,0.475
HOU,TOR,2025-10-30 01:15:26.096347+00:00,0.685
CLE,BOS,2025-10-30 01:55:10.265996+00:00,0.435
ORL,DET,2025-10-30 02:15:17.063098+00:00,0.475
ATL,BKN,2025-10-30 02:20:11.100778+00:00,0.745
SAC,CHI,2025-10-30 02:35:00.694688+00:00,0.625
IND,DAL,2025-10-30 03:24:59.121020+00:00,0.685
NOP,DEN,2025-10-30 03:34:57.195666+00:00,0.855
POR,UTA,2025-10-30 04:04:56.243808+00:00,0.565
LAL,MIN,2025-10-30 04:19:54.089461+00:00,0.295
MEM,PHX,2025-10-30 04:39:45.623344+00:00,0.555
ORL,CHA,2025-10-31 01:30:08.625258+00:00,0.425
WAS,OKC,2025-10-31 02:30:08.667107+00:00,0.895
GSW,MIL,2025-10-31 03:00:09.967816+00:00,0.725
MIA,SAS,2025-10-31 03:09:54.128929+00:00,0.325
ATL,IND,2025-11-01 01:50:17.734932+00:00,0.555
BOS,PHI,2025-11-01 02:00:28.851247+00:00,0.525
TOR,CLE,2025-11-01 02:15:09.277464+00:00,0.625
NYK,CHI,2025-11-01 02:50:06.531383+00:00,0.365
LAL,MEM,2025-11-01 04:20:16.553297+00:00,0.545
UTA,PHX,2025-11-01 04:44:54.266804+00:00,0.585
DEN,POR,2025-11-01 05:04:57.114621+00:00,0.675
NOP,LAC,2025-11-01 05:09:51.414932+00:00,0.825
SAC,MIL,2025-11-02 00:05:33.881643+00:00,0.695
MIN,CHA,2025-11-02 00:45:15.522714+00:00,0.385
ORL,WAS,2025-11-02 01:30:17.770687+00:00,0.765
GSW,IND,2025-11-02 01:45:09.260227+00:00,0.815
HOU,BOS,2025-11-02 02:30:11.596401+00:00,0.365
DAL,DET,2025-11-02 05:04:47.638836+00:00,0.285
NOP,OKC,2025-11-02 23:11:13.267836+00:00,0.145
MEM,TOR,2025-11-03 01:40:25.787557+00:00,0.375
PHI,BKN,2025-11-03 01:40:25.971029+00:00,0.355
UTA,CHA,2025-11-03 01:50:21.314415+00:00,0.475
ATL,CLE,2025-11-03 01:55:00.450971+00:00,0.305
CHI,NYK,2025-11-03 02:40:01.392695+00:00,0.295
SAS,PHX,2025-11-03 03:39:53.748952+00:00,0.325
MIA,LAL,2025-11-03 05:19:56.983983+00:00,0.645
MIL,IND,2025-11-04 02:56:11.599185+00:00,0.315
MIN,BKN,2025-11-04 03:01:53.418389+00:00,0.215
WAS,NYK,2025-11-04 03:30:34.793683+00:00,0.855
UTA,BOS,2025-11-04 03:35:20.987826+00:00,0.815
DET,MEM,2025-11-04 04:05:14.305653+00:00,0.625
DAL,HOU,2025-11-04 04:05:14.499747+00:00,0.155
SAC,DEN,2025-11-04 04:45:04.753085+00:00,0.825
LAL,POR,2025-11-04 05:39:53.430103+00:00,0.24
MIA,LAC,2025-11-04 06:09:52.367704+00:00,0.725
MIL,TOR,2025-11-05 03:10:13.263851+00:00,0.455
CHA,NOP,2025-11-05 03:45:11.208375+00:00,0.425
PHI,CHI,2025-11-05 03:45:11.224610+00:00,0.535
ORL,ATL,2025-11-05 04:09:58.191137+00:00,0.385
PHX,GSW,2025-11-05 05:44:58.222264+00:00,0.805
OKC,LAC,2025-11-05 06:44:56.102453+00:00,0.275
PHI,CLE,2025-11-06 02:45:39.616350+00:00,0.795
UTA,DET,2025-11-06 02:50:26.416671+00:00,0.785
BKN,IND,2025-11-06 02:55:15.930779+00:00,0.315
WAS,BOS,2025-11-06 03:05:14.907609+00:00,0.845
MIN,NYK,2025-11-06 03:15:14.427906+00:00,0.415
HOU,MEM,2025-11-06 03:40:11.626647+00:00,0.735
NOP,DAL,2025-11-06 04:00:21.009500+00:00,0.735
MIA,DEN,2025-11-06 05:00:25.199318+00:00,0.775
GSW,SAC,2025-11-06 05:49:55.145384+00:00,0.435
OKC,POR,2025-11-06 06:04:55.074866+00:00,0.615
SAS,LAL,2025-11-06 06:19:48.268222+00:00,0.47
LAC,PHX,2025-11-07 04:44:59.625679+00:00,0.435
CLE,WAS,2025-11-08 02:44:49.469030+00:00,0.875
BOS,ORL,2025-11-08 02:59:49.425185+00:00,0.405
TOR,ATL,2025-11-08 03:19:41.273090+00:00,0.555
DET,BKN,2025-11-08 03:24:35.047494+00:00,0.195
HOU,SAS,2025-11-08 03:34:35.071862+00:00,0.615
DAL,MEM,2025-11-08 03:44:31.362961+00:00,0.375
UTA,MIN,2025-11-08 03:44:31.940227+00:00,0.845
CHA,MIA,2025-11-08 03:49:27.793791+00:00,0.295
CHI,MIL,2025-11-08 03:49:27.942960+00:00,0.385
GSW,DEN,2025-11-08 05:34:25.196060+00:00,0.805
OKC,SAC,2025-11-08 05:34:25.350060+00:00,0.835
DAL,WAS,2025-11-09 02:49:37.620134+00:00,0.615
TOR,PHI,2025-11-09 03:19:35.716970+00:00,0.645
LAL,ATL,2025-11-09 03:19:35.973177+00:00,0.335
NOP,SAS,2025-11-09 03:44:38.296093+00:00,0.175
CHI,CLE,2025-11-09 03:49:33.619523+00:00,0.255
POR,MIA,2025-11-09 04:04:26.651655+00:00,0.395
IND,DEN,2025-11-09 04:49:27.588344+00:00,0.815
PHX,LAC,2025-11-09 06:14:26.510704+00:00,0.615
HOU,MIL,2025-11-09 23:24:36.321072+00:00,0.615
OKC,MEM,2025-11-10 01:39:32.696694+00:00,0.185
BOS,ORL,2025-11-10 01:59:35.441059+00:00,0.415
DET,PHI,2025-11-10 03:19:25.791378+00:00,0.625
IND,GSW,2025-11-10 04:14:36.778502+00:00,0.845
MIN,SAC,2025-11-10 05:04:25.050772+00:00,0.645
LAL,CHA,2025-11-11 02:44:47.236093+00:00,0.245
POR,ORL,2025-11-11 03:04:39.084448+00:00,0.545
WAS,DET,2025-11-11 03:24:34.929716+00:00,0.815
SAS,CHI,2025-11-11 03:34:34.404976+00:00,0.36
CLE,MIA,2025-11-11 04:09:32.029383+00:00,0.755
MIL,DAL,2025-11-11 04:34:29.344952+00:00,0.395
MIN,UTA,2025-11-11 04:44:32.753325+00:00,0.725
NOP,PHX,2025-11-11 04:49:27.816830+00:00,0.235
ATL,LAC,2025-11-11 06:09:27.784284+00:00,0.365
MEM,NYK,2025-11-12 03:09:32.932744+00:00,0.205
TOR,BKN,2025-11-12 03:14:37.568095+00:00,0.215
BOS,PHI,2025-11-12 03:44:29.706977+00:00,0.545
GSW,OKC,2025-11-12 04:04:36.727732+00:00,0.265
IND,UTA,2025-11-12 05:09:28.040956+00:00,0.545
DEN,SAC,2025-11-12 06:49:28.240117+00:00,0.755
CHI,DET,2025-11-13 02:39:48.425112+00:00,0.525
MIL,CHA,2025-11-13 02:54:50.946230+00:00,0.435
MEM,BOS,2025-11-13 03:09:42.533857+00:00,0.745
ORL,NYK,2025-11-13 03:09:48.725350+00:00,0.625
CLE,MIA,2025-11-13 03:24:37.319131+00:00,0.365
POR,NOP,2025-11-13 03:54:32.737889+00:00,0.255
GSW,SAS,2025-11-13 04:14:32.565636+00:00,0.395
PHX,DAL,2025-11-13 04:34:27.488979+00:00,0.445
LAL,OKC,2025-11-13 05:24:24.298618+00:00,0.275
ATL,SAC,2025-11-13 05:34:26.383330+00:00,0.615
DEN,LAC,2025-11-13 06:19:26.346969+00:00,0.645
TOR,CLE,2025-11-14 02:49:29.743787+00:00,0.725
ATL,UTA,2025-11-14 04:44:30.133759+00:00,0.535
IND,PHX,2025-11-14 05:09:31.392812+00:00,0.385
BKN,ORL,2025-11-15 02:49:43.309393+00:00,0.125
MIA,NYK,2025-11-15 03:04:37.290467+00:00,0.315
PHI,DET,2025-11-15 03:09:39.163138+00:00,0.515
POR,HOU,2025-11-15 03:39:34.184848+00:00,0.735
SAC,MIN,2025-11-15 03:49:35.933204+00:00,0.825
LAL,NOP,2025-11-15 03:54:28.745773+00:00,0.815
CHA,MIL,2025-11-15 04:04:28.885810+00:00,0.235
LAC,DAL,2025-11-15 05:14:29.811719+00:00,0.205
GSW,SAS,2025-11-15 05:24:25.702232+00:00,0.425
MEM,CLE,2025-11-16 00:49:36.215877+00:00,0.835
TOR,IND,2025-11-16 02:59:37.651809+00:00,0.285
DEN,MIN,2025-11-16 04:03:59.829116+00:00,0.525
LAL,MIL,2025-11-16 04:14:29.589633+00:00,0.465
LAC,BOS,2025-11-16 23:29:50.961642+00:00,0.665
SAC,SAS,2025-11-16 23:44:41.474103+00:00,0.315
BKN,WAS,2025-11-17 01:44:40.458193+00:00,0.43
GSW,NOP,2025-11-17 02:44:34.544531+00:00,0.82
ORL,HOU,2025-11-17 03:19:35.837001+00:00,0.755
POR,DAL,2025-11-17 03:39:33.207947+00:00,0.395
ATL,PHX,2025-11-17 04:24:27.775801+00:00,0.485
CHI,UTA,2025-11-17 04:39:28.917803+00:00,0.64
MIL,CLE,2025-11-18 02:34:46.877748+00:00,0.695
LAC,PHI,2025-11-18 02:49:41.129036+00:00,0.345
IND,DET,2025-11-18 03:04:37.160397+00:00,0.745
NYK,MIA,2025-11-18 03:19:37.787155+00:00,0.515
CHA,TOR,2025-11-18 03:24:32.693273+00:00,0.245
DAL,MIN,2025-11-18 03:44:34.201965+00:00,0.125
CHI,DEN,2025-11-18 05:04:29.851064+00:00,0.125
GSW,ORL,2025-11-19 02:54:34.340968+00:00,0.605
BOS,BKN,2025-11-19 03:09:36.316608+00:00,0.165
DET,ATL,2025-11-19 03:14:34.931877+00:00,0.44
MEM,SAS,2025-11-19 03:44:35.309143+00:00,0.335
UTA,LAL,2025-11-19 06:24:28.090048+00:00,0.845
PHX,POR,2025-11-19 06:44:32.328838+00:00,0.465
TOR,PHI,2025-11-20 02:34:47.002319+00:00,0.445
CHA,IND,2025-11-20 02:34:53.011655+00:00,0.535
HOU,CLE,2025-11-20 02:59:52.611705+00:00,0.47
GSW,MIA,2025-11-20 03:09:42.866012+00:00,0.225
DEN,NOP,2025-11-20 03:59:44.157061+00:00,0.885
NYK,DAL,2025-11-20 05:34:31.950631+00:00,0.235
CHI,POR,2025-11-20 05:44:37.587377+00:00,0.595
LAC,ORL,2025-11-21 02:44:39.920553+00:00,0.325
SAC,MEM,2025-11-21 03:29:43.159465+00:00,0.575
ATL,SAS,2025-11-21 03:39:37.299389+00:00,0.505
PHI,MIL,2025-11-21 03:54:33.142864+00:00,0.475
IND,CLE,2025-11-22 03:00:07.936344+00:00,0.875
BKN,BOS,2025-11-22 03:14:50.822407+00:00,0.115
WAS,TOR,2025-11-22 03:29:51.870847+00:00,0.885
MIA,CHI,2025-11-22 03:49:50.452770+00:00,0.555
NOP,DAL,2025-11-22 04:24:37.434753+00:00,0.605
MIN,PHX,2025-11-22 05:04:38.541794+00:00,0.63
DEN,HOU,2025-11-22 05:29:49.528374+00:00,0.435
POR,GSW,2025-11-22 06:09:34.725960+00:00,0.805
LAC,CHA,2025-11-22 20:54:45.095867+00:00,0.475
NYK,ORL,2025-11-23 01:19:50.804337+00:00,0.465
ATL,NOP,2025-11-23 02:34:36.158486+00:00,0.805
WAS,CHI,2025-11-23 03:39:41.785738+00:00,0.855
DET,MIL,2025-11-23 03:49:41.674339+00:00,0.765
MEM,DAL,2025-11-23 04:04:33.142009+00:00,0.5
SAC,DEN,2025-11-23 05:54:31.810031+00:00,0.835
MIA,PHI,2025-11-23 20:39:54.142662+00:00,0.525
LAC,CLE,2025-11-24 01:34:44.466011+00:00,0.745
CHA,ATL,2025-11-24 01:39:45.865660+00:00,0.73
ORL,BOS,2025-11-24 01:44:48.434292+00:00,0.625
BKN,TOR,2025-11-24 01:49:41.176530+00:00,0.155
POR,OKC,2025-11-24 02:59:47.727653+00:00,0.895
SAS,PHX,2025-11-24 03:49:38.320032+00:00,0.56
LAL,UTA,2025-11-24 03:54:29.982831+00:00,0.795
CLE,TOR,2025-11-25 02:49:59.832209+00:00,0.485
DET,IND,2025-11-25 03:04:53.853863+00:00,0.795
NYK,BKN,2025-11-25 03:14:43.688559+00:00,0.145
DAL,MIA,2025-11-25 03:34:41.591517+00:00,0.275
DEN,MEM,2025-11-25 03:34:41.681421+00:00,0.765
CHI,NOP,2025-11-25 03:44:39.108784+00:00,0.655
POR,MIL,2025-11-25 03:59:51.073669+00:00,0.505
HOU,PHX,2025-11-25 05:34:28.875424+00:00,0.685
UTA,GSW,2025-11-25 05:54:29.519130+00:00,0.855
MIN,SAC,2025-11-25 06:09:36.497576+00:00,0.815
ATL,WAS,2025-11-26 02:34:29.449355+00:00,0.825
ORL,PHI,2025-11-26 03:54:28.682625+00:00,0.625
LAC,LAL,2025-11-26 06:54:27.440556+00:00,0.295
DET,BOS,2025-11-27 01:04:59.393006+00:00,0.46
NYK,CHA,2025-11-27 02:40:02.718342+00:00,0.295
MIL,MIA,2025-11-27 03:00:03.099416+00:00,0.795
IND,TOR,2025-11-27 03:14:43.276959+00:00,0.195
MIN,OKC,2025-11-27 03:39:46.581486+00:00,0.215
MEM,NOP,2025-11-27 03:54:30.311328+00:00,0.605
SAS,POR,2025-11-27 05:39:42.551527+00:00,0.495
PHX,SAC,2025-11-27 05:49:40.634827+00:00,0.625
HOU,GSW,2025-11-27 06:04:27.510656+00:00,0.595
WAS,IND,2025-11-29 03:14:52.804095+00:00,0.695
CHI,CHA,2025-11-29 03:14:55.300817+00:00,0.415
PHI,BKN,2025-11-29 03:19:47.903452+00:00,0.295
CLE,ATL,2025-11-29 03:19:53.308111+00:00,0.305
ORL,DET,2025-11-29 03:24:43.204351+00:00,0.595
MIL,NYK,2025-11-29 03:29:43.176021+00:00,0.295
PHX,OKC,2025-11-29 05:09:46.975043+00:00,0.885
SAC,UTA,2025-11-29 05:19:41.457759+00:00,0.445
SAS,DEN,2025-11-29 05:19:41.753639+00:00,0.735
DAL,LAL,2025-11-29 05:49:33.635204+00:00,0.21
MEM,LAC,2025-11-29 05:49:34.255363+00:00,0.695
BOS,MIN,2025-11-30 00:34:46.574474+00:00,0.325
TOR,CHA,2025-11-30 02:00:13.855656+00:00,0.275
CHI,IND,2025-11-30 03:04:35.228344+00:00,0.585
BKN,MIL,2025-11-30 03:29:41.434905+00:00,0.175
DET,MIA,2025-11-30 03:59:41.378435+00:00,0.395
NOP,GSW,2025-11-30 04:29:37.962085+00:00,0.785
DEN,PHX,2025-11-30 04:29:38.170741+00:00,0.625
DAL,LAC,2025-11-30 05:54:29.363549+00:00,0.245
HOU,UTA,2025-11-30 22:49:50.356913+00:00,0.835
BOS,CLE,2025-12-01 01:34:40.698525+00:00,0.295
TOR,NYK,2025-12-01 01:39:43.241996+00:00,0.74
OKC,POR,2025-12-01 01:39:43.507680+00:00,0.855
ATL,PHI,2025-12-01 02:24:31.131433+00:00,0.425
SAS,MIN,2025-12-01 02:44:37.407267+00:00,0.615
MEM,SAC,2025-12-01 04:54:28.718174+00:00,0.58
MIL,WAS,2025-12-02 02:34:55.660659+00:00,0.795
CLE,IND,2025-12-02 02:49:49.901869+00:00,0.635
ATL,DET,2025-12-02 02:49:50.757445+00:00,0.225
LAC,MIA,2025-12-02 03:14:48.788473+00:00,0.305
CHA,BKN,2025-12-02 03:14:49.531174+00:00,0.365
CHI,ORL,2025-12-02 03:39:35.718832+00:00,0.235
DAL,DEN,2025-12-02 04:34:31.119045+00:00,0.185
HOU,UTA,2025-12-02 05:09:34.245267+00:00,0.835
PHX,LAL,2025-12-02 05:39:37.040150+00:00,0.665
WAS,PHI,2025-12-03 02:29:52.643385+00:00,0.865
POR,TOR,2025-12-03 03:19:45.822561+00:00,0.345
NYK,BOS,2025-12-03 03:49:49.023879+00:00,0.485
MIN,NOP,2025-12-03 03:59:50.096140+00:00,0.855
MEM,SAS,2025-12-03 04:04:28.012208+00:00,0.355
OKC,GSW,2025-12-03 06:44:30.923780+00:00,0.175
POR,CLE,2025-12-04 02:40:22.091546+00:00,0.825
SAS,ORL,2025-12-04 02:44:54.598126+00:00,0.735
DEN,IND,2025-12-04 02:54:46.318606+00:00,0.765
LAC,ATL,2025-12-04 03:00:12.366915+00:00,0.545
CHA,NYK,2025-12-04 03:10:00.871773+00:00,0.22
BKN,CHI,2025-12-04 03:34:35.843896+00:00,0.255
SAC,HOU,2025-12-04 03:49:53.195346+00:00,0.895
DET,MIL,2025-12-04 03:54:36.020682+00:00,0.635
MIA,DAL,2025-12-04 04:00:22.262525+00:00,0.375
BOS,WAS,2025-12-05 02:29:54.471337+00:00,0.805
GSW,PHI,2025-12-05 02:44:42.213037+00:00,0.385
UTA,BKN,2025-12-05 03:14:38.828220+00:00,0.375
LAL,TOR,2025-12-05 03:14:38.836473+00:00,0.445
MIN,NOP,2025-12-05 03:39:36.373457+00:00,0.835
LAL,BOS,2025-12-06 02:40:03.867314+00:00,0.745
MIA,ORL,2025-12-06 02:45:04.078733+00:00,0.345
UTA,NYK,2025-12-06 03:14:58.424434+00:00,0.885
DEN,ATL,2025-12-06 03:15:07.908174+00:00,0.405
CHA,TOR,2025-12-06 03:19:50.650116+00:00,0.285
SAS,CLE,2025-12-06 03:19:51.167078+00:00,0.625
PHX,HOU,2025-12-06 03:30:04.812248+00:00,0.785
LAC,MEM,2025-12-06 03:30:05.414576+00:00,0.545
POR,DET,2025-12-06 03:39:51.561875+00:00,0.755
IND,CHI,2025-12-06 03:39:51.825904+00:00,0.64
PHI,MIL,2025-12-06 03:44:37.669197+00:00,0.465
DAL,OKC,2025-12-06 05:14:36.146520+00:00,0.115
NOP,BKN,2025-12-07 00:24:42.753874+00:00,0.615
ATL,WAS,2025-12-07 02:34:43.104548+00:00,0.785
GSW,CLE,2025-12-07 03:14:40.110091+00:00,0.765
MIL,DET,2025-12-07 03:19:56.167007+00:00,0.845
SAC,MIA,2025-12-07 03:34:36.288276+00:00,0.755
LAC,MIN,2025-12-07 03:44:39.486259+00:00,0.225
HOU,DAL,2025-12-07 04:00:14.968608+00:00,0.285
ORL,NYK,2025-12-07 19:50:26.268347+00:00,0.535
BOS,TOR,2025-12-07 23:02:16.537056+00:00,0.575
DEN,CHA,2025-12-08 01:34:38.399540+00:00,0.185
POR,MEM,2025-12-08 01:50:22.888176+00:00,0.535
GSW,CHI,2025-12-08 02:29:51.579345+00:00,0.485
LAL,PHI,2025-12-08 03:09:38.526571+00:00,0.595
OKC,UTA,2025-12-08 03:44:34.847419+00:00,0.825
SAC,IND,2025-12-09 02:39:42.773863+00:00,0.6
PHX,MIN,2025-12-09 03:20:10.874379+00:00,0.785
SAS,NOP,2025-12-09 03:44:34.233570+00:00,0.215
MIA,ORL,2025-12-10 01:50:24.396285+00:00,0.485
NYK,TOR,2025-12-10 04:24:34.733247+00:00,0.685
PHX,OKC,2025-12-11 03:00:34.475393+00:00,0.895
SAS,LAL,2025-12-11 05:49:47.946541+00:00,0.715
LAC,HOU,2025-12-12 04:54:30.762183+00:00,0.775
BOS,MIL,2025-12-12 04:54:31.636021+00:00,0.795
POR,NOP,2025-12-12 04:54:31.784302+00:00,0.385
DEN,SAC,2025-12-12 05:24:31.572049+00:00,0.815
CHI,CHA,2025-12-13 02:40:21.854314+00:00,0.435
IND,PHI,2025-12-13 02:50:22.484957+00:00,0.33
CLE,WAS,2025-12-13 02:54:36.672108+00:00,0.895
ATL,DET,2025-12-13 03:00:53.736411+00:00,0.295
UTA,MEM,2025-12-13 03:54:34.582907+00:00,0.705
BKN,DAL,2025-12-13 04:04:32.927423+00:00,0.265
MIN,GSW,2025-12-13 05:54:28.731257+00:00,0.635
NYK,ORL,2025-12-14 01:34:31.228251+00:00,0.635
SAS,OKC,2025-12-14 05:06:14.451512+00:00,0.815
WAS,IND,2025-12-14 22:50:01.101493+00:00,0.775
CHA,CLE,2025-12-14 23:30:48.682855+00:00,0.165
MIL,BKN,2025-12-15 01:24:43.542389+00:00,0.465
PHI,ATL,2025-12-15 01:44:42.986392+00:00,0.635
SAC,MIN,2025-12-15 02:34:39.453431+00:00,0.805
NOP,CHI,2025-12-15 02:50:14.729386+00:00,0.615
LAL,PHX,2025-12-15 04:10:11.578568+00:00,0.475
GSW,POR,2025-12-15 04:50:14.185548+00:00,0.65
DET,BOS,2025-12-16 03:00:19.918994+00:00,0.525
TOR,MIA,2025-12-16 03:14:33.352664+00:00,0.655
DAL,UTA,2025-12-16 05:10:02.128462+00:00,0.525
HOU,DEN,2025-12-16 05:39:46.886369+00:00,0.495
MEM,LAC,2025-12-16 05:59:51.216237+00:00,0.645
CLE,CHI,2025-12-18 03:41:05.137345+00:00,0.345
MEM,MIN,2025-12-18 04:14:45.985537+00:00,0.3
ATL,CHA,2025-12-19 02:41:14.288085+00:00,0.645
NYK,IND,2025-12-19 02:44:59.016873+00:00,0.37
MIA,BKN,2025-12-19 03:10:58.143690+00:00,0.295
TOR,MIL,2025-12-19 04:00:45.363058+00:00,0.375
HOU,NOP,2025-12-19 04:05:15.159320+00:00,0.785
WAS,SAS,2025-12-19 04:11:03.230080+00:00,0.895
ORL,DEN,2025-12-19 04:34:39.007528+00:00,0.695
LAL,UTA,2025-12-19 05:01:24.294483+00:00,0.775
DET,DAL,2025-12-19 05:01:24.588679+00:00,0.395
GSW,PHX,2025-12-19 05:34:26.172128+00:00,0.555
SAC,POR,2025-12-19 06:14:32.398590+00:00,0.75
MIA,BOS,2025-12-20 02:44:36.584012+00:00,0.705
SAS,ATL,2025-12-20 02:50:15.214983+00:00,0.395
PHI,NYK,2025-12-20 02:54:29.847866+00:00,0.685
CHI,CLE,2025-12-20 03:04:30.010911+00:00,0.395
OKC,MIN,2025-12-20 05:29:42.660737+00:00,0.305
HOU,DEN,2025-12-21 00:50:25.343800+00:00,0.49
BOS,TOR,2025-12-21 02:34:54.593804+00:00,0.475
DAL,PHI,2025-12-21 02:34:54.669547+00:00,0.48
IND,NOP,2025-12-21 03:00:18.882957+00:00,0.44
CHA,DET,2025-12-21 03:30:21.984226+00:00,0.205
WAS,MEM,2025-12-21 03:44:34.702980+00:00,0.835
PHX,GSW,2025-12-21 04:24:31.507005+00:00,0.675
ORL,UTA,2025-12-21 05:44:28.861385+00:00,0.725
LAL,LAC,2025-12-21 06:14:34.795206+00:00,0.465
POR,SAC,2025-12-21 06:14:35.114902+00:00,0.605
CHI,ATL,2025-12-21 23:20:19.213981+00:00,0.615
TOR,BKN,2025-12-22 01:30:21.696679+00:00,0.405
MIA,NYK,2025-12-22 01:40:30.976484+00:00,0.285
MIL,MIN,2025-12-22 02:44:34.059086+00:00,0.165
HOU,SAC,2025-12-22 06:00:04.319568+00:00,0.83
IND,BOS,2025-12-23 03:00:38.499920+00:00,0.825
CHA,CLE,2025-12-23 03:00:39.393619+00:00,0.245
DAL,NOP,2025-12-23 03:39:46.090210+00:00,0.52
UTA,DEN,2025-12-23 04:44:31.129410+00:00,0.865
MEM,OKC,2025-12-23 05:09:41.840704+00:00,0.105
ORL,GSW,2025-12-23 05:44:28.622448+00:00,0.67
DET,POR,2025-12-23 06:00:35.085833+00:00,0.685
WAS,CHA,2025-12-24 02:40:21.209516+00:00,0.685
BKN,PHI,2025-12-24 03:00:21.027361+00:00,0.235
NOP,CLE,2025-12-24 03:10:18.801971+00:00,0.765
MIL,IND,2025-12-24 03:10:20.078099+00:00,0.475
TOR,MIA,2025-12-24 03:14:50.846887+00:00,0.655
CHI,ATL,2025-12-24 03:20:08.270656+00:00,0.575
DEN,DAL,2025-12-24 03:34:41.067424+00:00,0.325
NYK,MIN,2025-12-24 03:50:02.899562+00:00,0.705
OKC,SAS,2025-12-24 04:14:41.405399+00:00,0.675
LAL,PHX,2025-12-24 04:39:47.248718+00:00,0.41
MEM,UTA,2025-12-24 04:54:33.869747+00:00,0.615
ORL,POR,2025-12-24 05:39:58.178743+00:00,0.525
DET,SAC,2025-12-24 06:00:04.271701+00:00,0.79
HOU,LAC,2025-12-24 06:09:45.618125+00:00,0.72
CLE,NYK,2025-12-25 19:54:27.817598+00:00,0.345
SAS,OKC,2025-12-25 22:10:10.587605+00:00,0.755
DAL,GSW,2025-12-26 01:01:03.609687+00:00,0.275
HOU,LAL,2025-12-26 03:49:56.246482+00:00,0.555
MIN,DEN,2025-12-26 07:04:24.416899+00:00,0.395
MIA,ATL,2025-12-27 02:30:36.244964+00:00,0.595
TOR,WAS,2025-12-27 02:34:40.339525+00:00,0.745
CHA,ORL,2025-12-27 02:44:43.312833+00:00,0.325
BOS,IND,2025-12-27 02:44:43.665276+00:00,0.745
PHI,CHI,2025-12-27 03:20:17.091856+00:00,0.485
MIL,MEM,2025-12-27 03:44:30.419432+00:00,0.645
PHX,NOP,2025-12-27 03:54:29.131724+00:00,0.365
DET,UTA,2025-12-27 05:19:45.680338+00:00,0.78
LAC,POR,2025-12-27 05:50:02.860326+00:00,0.575
DAL,SAC,2025-12-28 00:24:41.855280+00:00,0.575
PHX,NOP,2025-12-28 03:10:20.747598+00:00,0.365
DEN,ORL,2025-12-28 03:19:55.274947+00:00,0.615
BKN,MIN,2025-12-28 03:35:18.110264+00:00,0.165
CLE,HOU,2025-12-28 03:40:37.341780+00:00,0.425
UTA,SAS,2025-12-28 03:44:33.856566+00:00,0.855
IND,MIA,2025-12-28 03:50:17.822264+00:00,0.295
NYK,ATL,2025-12-28 03:55:08.499709+00:00,0.335
MIL,CHI,2025-12-28 04:00:44.204537+00:00,0.555
PHI,OKC,2025-12-28 23:04:35.740197+00:00,0.865
GSW,TOR,2025-12-28 23:24:31.340122+00:00,0.625
BOS,POR,2025-12-29 01:49:40.573251+00:00,0.705
MEM,WAS,2025-12-29 01:49:40.961338+00:00,0.715
DET,LAC,2025-12-29 05:04:25.942686+00:00,0.605
SAC,LAL,2025-12-29 05:14:31.067292+00:00,0.805
PHX,WAS,2025-12-30 02:24:55.735835+00:00,0.785
MIL,CHA,2025-12-30 02:35:22.573715+00:00,0.42
DEN,MIA,2025-12-30 03:00:55.333392+00:00,0.545
GSW,BKN,2025-12-30 03:15:10.566233+00:00,0.335
ORL,TOR,2025-12-30 03:20:08.120115+00:00,0.515
IND,HOU,2025-12-30 03:35:10.572484+00:00,0.855
MIN,CHI,2025-12-30 03:44:38.096512+00:00,0.345
NYK,NOP,2025-12-30 04:00:14.193291+00:00,0.255
ATL,OKC,2025-12-30 04:00:14.288924+00:00,0.105
CLE,SAS,2025-12-30 04:09:48.148631+00:00,0.405
DAL,POR,2025-12-30 06:29:49.813669+00:00,0.445
PHI,MEM,2025-12-31 04:00:39.591077+00:00,0.475
BOS,UTA,2025-12-31 04:40:09.292448+00:00,0.705
SAC,LAC,2025-12-31 06:30:15.093783+00:00,0.765
DET,LAL,2025-12-31 06:39:50.876355+00:00,0.565
GSW,CHA,2025-12-31 20:40:21.072856+00:00,0.295
MIN,ATL,2025-12-31 22:30:19.439336+00:00,0.335
ORL,IND,2025-12-31 23:00:05.286855+00:00,0.375
PHX,CLE,2025-12-31 23:14:46.624602+00:00,0.695
NOP,CHI,2026-01-01 02:40:18.272084+00:00,0.525
NYK,SAS,2026-01-01 03:10:05.711367+00:00,0.4
DEN,TOR,2026-01-01 03:14:38.311436+00:00,0.315
POR,OKC,2026-01-01 03:30:31.530117+00:00,0.875
WAS,MIL,2026-01-01 03:34:29.408154+00:00,0.805
HOU,BKN,2026-01-02 01:30:39.591094+00:00,0.185
MIA,DET,2026-01-02 02:54:30.647911+00:00,0.645
PHI,DAL,2026-01-02 03:54:50.795351+00:00,0.445
BOS,SAC,2026-01-02 05:39:56.996156+00:00,0.785
UTA,LAC,2026-01-02 06:14:31.694373+00:00,0.855
SAS,IND,2026-01-03 02:50:38.341923+00:00,0.325
BKN,WAS,2026-01-03 02:55:12.448076+00:00,0.405
DEN,CLE,2026-01-03 03:14:43.842069+00:00,0.855
ATL,NYK,2026-01-03 03:20:15.789882+00:00,0.315
ORL,CHI,2026-01-03 03:40:48.194246+00:00,0.355
POR,NOP,2026-01-03 03:44:38.419359+00:00,0.405
CHA,MIL,2026-01-03 03:50:11.081626+00:00,0.325
SAC,PHX,2026-01-03 04:50:34.629330+00:00,0.845
OKC,GSW,2026-01-03 05:50:01.980600+00:00,0.145
MEM,LAL,2026-01-03 06:24:28.395960+00:00,0.63
MIN,MIA,2026-01-04 00:50:03.781150+00:00,0.435
PHI,NYK,2026-01-04 03:04:38.205113+00:00,0.61
ATL,TOR,2026-01-04 03:10:25.916908+00:00,0.365
CHA,CHI,2026-01-04 03:34:39.937902+00:00,0.47
POR,SAS,2026-01-04 03:54:30.761223+00:00,0.265
HOU,DAL,2026-01-04 04:01:08.176006+00:00,0.265
BOS,LAC,2026-01-04 06:00:46.906965+00:00,0.485
UTA,GSW,2026-01-04 06:04:29.552846+00:00,0.825
DET,CLE,2026-01-04 21:50:45.651002+00:00,0.635
IND,ORL,2026-01-04 22:40:42.879978+00:00,0.305
DEN,BKN,2026-01-04 23:14:44.424968+00:00,0.425
NOP,MIA,2026-01-05 01:30:40.076151+00:00,0.745
MIN,WAS,2026-01-05 01:30:40.138487+00:00,0.805
OKC,PHX,2026-01-05 03:44:35.155626+00:00,0.765
MIL,SAC,2026-01-05 05:04:28.994566+00:00,0.695
MEM,LAL,2026-01-05 05:24:31.876997+00:00,0.665
NYK,DET,2026-01-06 02:40:29.216971+00:00,0.475
CHI,BOS,2026-01-06 02:50:06.156975+00:00,0.805
ATL,TOR,2026-01-06 03:04:42.933987+00:00,0.435
CHA,OKC,2026-01-06 03:40:13.083364+00:00,0.105
PHX,HOU,2026-01-06 03:50:20.942795+00:00,0.725
DEN,PHI,2026-01-06 04:24:31.049215+00:00,0.135
UTA,POR,2026-01-06 05:34:30.127152+00:00,0.665
GSW,LAC,2026-01-06 05:49:40.419233+00:00,0.595
CLE,IND,2026-01-07 02:34:34.298429+00:00,0.675
ORL,WAS,2026-01-07 02:40:29.078228+00:00,0.715
MIA,MIN,2026-01-07 03:34:31.431188+00:00,0.355
LAL,NOP,2026-01-07 03:40:22.813257+00:00,0.685
SAS,MEM,2026-01-07 03:54:31.222916+00:00,0.32
DAL,SAC,2026-01-07 06:49:59.938422+00:00,0.645
CHI,DET,2026-01-08 02:23:56.907887+00:00,0.215
WAS,PHI,2026-01-08 02:26:06.587823+00:00,0.865
DEN,BOS,2026-01-08 02:42:50.851344+00:00,0.745
TOR,CHA,2026-01-08 02:43:38.173809+00:00,0.455
LAC,NYK,2026-01-08 02:55:38.176353+00:00,0.365
NOP,ATL,2026-01-08 03:01:22.951955+00:00,0.795
ORL,BKN,2026-01-08 03:31:29.924644+00:00,0.465
PHX,MEM,2026-01-08 03:40:52.539277+00:00,0.315
UTA,OKC,2026-01-08 03:57:20.258395+00:00,0.895
LAL,SAS,2026-01-08 05:15:52.109972+00:00,0.275
MIL,GSW,2026-01-08 05:35:24.011955+00:00,0.685
HOU,POR,2026-01-08 05:47:19.393674+00:00,0.695
IND,CHA,2026-01-09 02:45:44.600553+00:00,0.625
CLE,MIN,2026-01-09 03:45:28.294383+00:00,0.425
DAL,UTA,2026-01-09 04:25:21.170631+00:00,0.625
TOR,BOS,2026-01-10 02:40:14.536914+00:00,0.785
NOP,WAS,2026-01-10 02:40:14.609821+00:00,0.555
PHI,ORL,2026-01-10 02:43:42.358721+00:00,0.41
LAC,BKN,2026-01-10 03:07:38.628550+00:00,0.345
OKC,MEM,2026-01-10 03:43:36.230784+00:00,0.345
ATL,DEN,2026-01-10 04:23:34.521946+00:00,0.525
NYK,PHX,2026-01-10 04:45:30.296751+00:00,0.515
SAC,GSW,2026-01-10 05:39:51.150823+00:00,0.855
HOU,POR,2026-01-10 05:41:27.280419+00:00,0.685
MIL,LAL,2026-01-10 06:00:00.053281+00:00,0.59
MIN,CLE,2026-01-10 20:43:33.823501+00:00,0.555
MIA,IND,2026-01-11 02:33:26.472279+00:00,0.315
DAL,CHI,2026-01-11 03:29:44.015097+00:00,0.575
SAS,BOS,2026-01-11 03:31:23.035506+00:00,0.495
LAC,DET,2026-01-11 03:39:43.590855+00:00,0.535
CHA,UTA,2026-01-11 04:59:52.949276+00:00,0.635
NOP,ORL,2026-01-11 22:43:48.769748+00:00,0.305
BKN,MEM,2026-01-11 23:09:53.209182+00:00,0.295
NYK,POR,2026-01-12 01:33:44.949840+00:00,0.655
PHI,TOR,2026-01-12 02:27:35.087598+00:00,0.545
MIA,OKC,2026-01-12 02:37:32.692517+00:00,0.145
SAS,MIN,2026-01-12 02:39:50.814538+00:00,0.555
WAS,PHX,2026-01-12 03:39:48.152059+00:00,0.865
MIL,DEN,2026-01-12 03:43:23.914228+00:00,0.435
ATL,GSW,2026-01-12 04:23:24.969322+00:00,0.315
HOU,SAC,2026-01-12 05:09:33.283024+00:00,0.855
UTA,CLE,2026-01-13 02:29:53.772131+00:00,0.815
BOS,IND,2026-01-13 02:55:31.164094+00:00,0.655
PHI,TOR,2026-01-13 03:05:21.980550+00:00,0.575
BKN,DAL,2026-01-13 04:01:24.453949+00:00,0.41
LAL,SAC,2026-01-13 05:35:21.005882+00:00,0.765
CHA,LAC,2026-01-13 05:53:27.756360+00:00,0.365
PHX,MIA,2026-01-14 03:21:34.958320+00:00,0.535
CHI,HOU,2026-01-14 03:35:39.992195+00:00,0.175
MIA,CHI,2026-01-14 03:38:24.841000+00:00,0.275
MIN,MIL,2026-01-14 03:41:25.519120+00:00,0.535
SAS,OKC,2026-01-14 03:47:25.174778+00:00,0.725
DEN,NOP,2026-01-14 03:55:26.512166+00:00,0.555
ATL,LAL,2026-01-14 05:57:21.602989+00:00,0.555
POR,GSW,2026-01-14 06:45:24.361864+00:00,0.795
TOR,IND,2026-01-15 02:37:34.699032+00:00,0.525
CLE,PHI,2026-01-15 02:39:52.513649+00:00,0.495
BKN,NOP,2026-01-15 03:39:43.774494+00:00,0.48
UTA,CHI,2026-01-15 03:41:23.645806+00:00,0.655
DEN,DAL,2026-01-15 05:13:27.438687+00:00,0.525
NYK,SAC,2026-01-15 05:51:22.249664+00:00,0.795
WAS,LAC,2026-01-15 06:11:25.531842+00:00,0.815
MEM,ORL,2026-01-15 21:51:32.542690+00:00,0.345
PHX,DET,2026-01-16 03:03:36.547292+00:00,0.705
OKC,HOU,2026-01-16 03:07:32.283368+00:00,0.395
BOS,MIA,2026-01-16 03:13:33.476011+00:00,0.575
MIL,SAS,2026-01-16 03:33:27.235539+00:00,0.305
UTA,DAL,2026-01-16 03:59:58.420473+00:00,0.555
ATL,POR,2026-01-16 05:35:23.561052+00:00,0.605
NYK,GSW,2026-01-16 05:57:27.990042+00:00,0.695
CHA,LAL,2026-01-16 06:05:23.038664+00:00,0.405
NOP,IND,2026-01-17 02:25:35.632726+00:00,0.625
CLE,PHI,2026-01-17 02:43:27.058217+00:00,0.445
CHI,BKN,2026-01-17 03:15:28.424736+00:00,0.505
LAC,TOR,2026-01-17 03:19:43.063043+00:00,0.445
MIN,HOU,2026-01-17 05:35:22.778558+00:00,0.605
WAS,SAC,2026-01-17 05:55:24.948223+00:00,0.695
UTA,DAL,2026-01-18 00:55:44.054409+00:00,0.585
BOS,ATL,2026-01-18 02:57:43.353456+00:00,0.405
IND,DET,2026-01-18 03:05:33.711352+00:00,0.865
PHX,NYK,2026-01-18 03:23:31.852572+00:00,0.505
OKC,MIA,2026-01-18 03:49:52.934320+00:00,0.205
MIN,SAS,2026-01-18 03:53:24.157012+00:00,0.395
CHA,GSW,2026-01-18 04:07:30.616465+00:00,0.28
WAS,DEN,2026-01-18 04:45:24.716717+00:00,0.815
LAL,POR,2026-01-18 05:53:23.130406+00:00,0.425
ORL,MEM,2026-01-18 19:37:25.702757+00:00,0.395
BKN,CHI,2026-01-19 02:21:30.308134+00:00,0.315
NOP,HOU,2026-01-19 02:25:29.374455+00:00,0.865
CHA,DEN,2026-01-19 03:27:28.839735+00:00,0.515
POR,SAC,2026-01-19 04:39:46.187215+00:00,0.475
TOR,LAL,2026-01-19 05:00:41.296048+00:00,0.56
MIL,ATL,2026-01-19 20:48:07.704657+00:00,0.545
OKC,CLE,2026-01-19 22:19:57.212501+00:00,0.335
LAC,WAS,2026-01-19 22:41:35.751765+00:00,0.725
UTA,SAS,2026-01-20 00:43:29.695489+00:00,0.885
DAL,NYK,2026-01-20 00:47:29.077595+00:00,0.185
IND,PHI,2026-01-20 02:35:26.792137+00:00,0.335
PHX,BKN,2026-01-20 03:05:22.809718+00:00,0.225
BOS,DET,2026-01-20 04:09:38.625140+00:00,0.445
MIA,GSW,2026-01-20 05:43:23.731919+00:00,0.635
PHX,PHI,2026-01-21 02:51:35.998975+00:00,0.455
LAC,CHI,2026-01-21 03:27:27.742810+00:00,0.565
SAS,HOU,2026-01-21 04:03:30.135573+00:00,0.615
MIN,UTA,2026-01-21 04:45:25.889439+00:00,0.855
MIA,SAC,2026-01-21 05:31:26.562085+00:00,0.615
LAL,DEN,2026-01-21 05:43:24.983027+00:00,0.425
TOR,GSW,2026-01-21 05:55:23.348984+00:00,0.605
CLE,CHA,2026-01-22 03:00:23.489849+00:00,0.405
BKN,NYK,2026-01-22 03:03:30.818995+00:00,0.165
IND,BOS,2026-01-22 03:07:25.057957+00:00,0.795
DET,NOP,2026-01-22 03:31:28.502537+00:00,0.725
ATL,MEM,2026-01-22 03:45:27.272880+00:00,0.485
OKC,MIL,2026-01-22 05:17:24.346651+00:00,0.185
TOR,SAC,2026-01-22 05:43:21.969690+00:00,0.36
CHA,ORL,2026-01-23 02:39:57.664698+00:00,0.375
DEN,WAS,2026-01-23 02:39:59.267766+00:00,0.695
HOU,PHI,2026-01-23 03:01:30.863830+00:00,0.545
GSW,DAL,2026-01-23 03:33:28.391327+00:00,0.325
CHI,MIN,2026-01-23 03:39:40.743328+00:00,0.235
SAS,UTA,2026-01-23 04:41:25.867769+00:00,0.825
MIA,POR,2026-01-23 05:33:26.380251+00:00,0.405
LAL,LAC,2026-01-23 05:49:38.685756+00:00,0.555
PHX,ATL,2026-01-24 02:51:35.393866+00:00,0.425
HOU,DET,2026-01-24 02:57:37.172447+00:00,0.615
SAC,CLE,2026-01-24 03:09:46.149888+00:00,0.825
BOS,BKN,2026-01-24 03:45:28.102390+00:00,0.245
IND,OKC,2026-01-24 03:49:41.509949+00:00,0.115
NOP,MEM,2026-01-24 03:51:25.330852+00:00,0.655
DEN,MIL,2026-01-24 05:25:25.331160+00:00,0.275
TOR,POR,2026-01-24 05:31:24.090541+00:00,0.405
WAS,CHA,2026-01-24 19:35:24.158611+00:00,0.815
NYK,PHI,2026-01-24 23:07:26.704418+00:00,0.505
CLE,ORL,2026-01-25 02:49:45.236842+00:00,0.495
BOS,CHI,2026-01-25 03:33:25.314961+00:00,0.585
LAL,DAL,2026-01-25 04:21:24.946181+00:00,0.385
MIA,UTA,2026-01-25 05:19:36.956191+00:00,0.685
SAC,DET,2026-01-25 23:00:31.708095+00:00,0.845
GSW,MIN,2026-01-26 01:01:32.405378+00:00,0.355
NOP,SAS,2026-01-26 02:33:33.865893+00:00,0.185
TOR,OKC,2026-01-26 03:01:29.197747+00:00,0.815
MIA,PHX,2026-01-26 03:57:24.467434+00:00,0.365
BKN,LAC,2026-01-26 04:30:29.903750+00:00,0.195
IND,ATL,2026-01-26 21:01:03.942239+00:00,0.655
PHI,CHA,2026-01-26 22:53:39.013771+00:00,0.535
ORL,CLE,2026-01-27 02:55:32.215734+00:00,0.665
LAL,CHI,2026-01-27 03:30:19.635729+00:00,0.475
MEM,HOU,2026-01-27 03:35:28.839424+00:00,0.815
POR,BOS,2026-01-27 04:00:29.685444+00:00,0.755
GSW,MIN,2026-01-27 05:05:27.039639+00:00,0.285
POR,WAS,2026-01-28 02:42:16.681661+00:00,0.685
SAC,NYK,2026-01-28 03:00:31.768321+00:00,0.865
NOP,OKC,2026-01-28 03:37:30.908777+00:00,0.135
MIL,PHI,2026-01-28 03:39:45.039459+00:00,0.235
DET,DEN,2026-01-28 04:33:25.081038+00:00,0.305
BKN,PHX,2026-01-28 05:05:32.458423+00:00,0.265
LAC,UTA,2026-01-28 05:39:40.423537+00:00,0.745
CHI,IND,2026-01-29 02:35:49.440066+00:00,0.545
LAL,CLE,2026-01-29 02:40:01.846438+00:00,0.605
ATL,BOS,2026-01-29 03:00:34.762605+00:00,0.345
NYK,TOR,2026-01-29 03:05:37.143018+00:00,0.445
ORL,MIA,2026-01-29 03:11:38.541091+00:00,0.585
CHA,MEM,2026-01-29 03:31:38.729582+00:00,0.545
MIN,DAL,2026-01-29 04:03:30.102761+00:00,0.255
GSW,UTA,2026-01-29 04:43:25.166492+00:00,0.725
SAS,HOU,2026-01-29 05:15:22.226497+00:00,0.565
SAC,PHI,2026-01-30 02:50:13+00:00,0.805
MIL,WAS,2026-01-30 02:55:47+00:00,0.555
HOU,ATL,2026-01-30 03:30:19+00:00,0.32
MIA,CHI,2026-01-30 03:45:42+00:00,0.455
CHA,DAL,2026-01-30 04:33:33+00:00,0.575
BKN,DEN,2026-01-30 04:41:28+00:00,0.295
DET,PHX,2026-01-30 04:47:38+00:00,0.595
OKC,MIN,2026-01-30 05:15:25+00:00,0.365
LAL,WAS,2026-01-31 02:23:45+00:00,0.795
SAC,BOS,2026-01-31 02:55:39+00:00,0.815
MEM,NOP,2026-01-31 03:07:38+00:00,0.425
POR,NYK,2026-01-31 03:11:31+00:00,0.685
TOR,ORL,2026-01-31 03:37:28+00:00,0.555
LAC,DEN,2026-01-31 04:37:29+00:00,0.435
CLE,PHX,2026-01-31 04:40:14+00:00,0.545
BKN,UTA,2026-01-31 05:09:52+00:00,0.415
DET,GSW,2026-01-31 06:11:22+00:00,0.455
SAS,CHA,2026-01-31 19:47:32+00:00,0.395
ATL,IND,2026-02-01 02:37:28+00:00,0.535
NOP,PHI,2026-02-01 03:01:06+00:00,0.335
MIN,MEM,2026-02-01 03:27:27+00:00,0.195
CHI,MIA,2026-02-01 04:00:17+00:00,0.345
DAL,HOU,2026-02-01 04:10:05+00:00,0.215
MIL,BOS,2026-02-01 23:15:48+00:00,0.845
BKN,DET,2026-02-02 01:33:43+00:00,0.155
CHI,MIA,2026-02-02 01:35:44+00:00,0.365
SAC,WAS,2026-02-02 01:39:58+00:00,0.535
UTA,TOR,2026-02-02 01:57:35+00:00,0.785
LAL,NYK,2026-02-02 02:30:38+00:00,0.37
LAC,PHX,2026-02-02 03:50:19+00:00,0.425
CLE,POR,2026-02-02 04:25:27+00:00,0.545
ORL,SAS,2026-02-02 04:39:50+00:00,0.405
OKC,DEN,2026-02-02 05:10:00+00:00,0.325
DEN,MEM,2026-02-02 18:53:37+00:00,0.485
DAL,MIL,2026-02-02 20:39:47+00:00,0.46
NOP,CHA,2026-02-02 22:35:26+00:00,0.705
HOU,IND,2026-02-03 02:47:24+00:00,0.705
MIN,MEM,2026-02-03 03:43:23+00:00,0.275
PHI,LAC,2026-02-03 05:40:26+00:00,0.495
UTA,IND,2026-02-04 02:28:06+00:00,0.435
NYK,WAS,2026-02-04 02:47:49+00:00,0.835
DEN,DET,2026-02-04 03:00:58+00:00,0.355
LAL,BKN,2026-02-04 03:10:37+00:00,0.255
CHI,MIL,2026-02-04 03:35:29+00:00,0.525
ORL,OKC,2026-02-04 03:40:27+00:00,0.785
BOS,DAL,2026-02-04 03:43:26+00:00,0.705
ATL,MIA,2026-02-04 03:57:25+00:00,0.475
PHI,GSW,2026-02-04 05:33:26+00:00,0.635
PHX,POR,2026-02-04 06:51:29+00:00,0.595
MIN,TOR,2026-02-05 03:17:36+00:00,0.575
DEN,NYK,2026-02-05 03:25:34+00:00,0.375
BOS,HOU,2026-02-05 03:35:31+00:00,0.31
NOP,MIL,2026-02-05 04:00:41+00:00,0.375
OKC,SAS,2026-02-05 05:10:31+00:00,0.225
MEM,SAC,2026-02-05 05:57:28+00:00,0.48
CLE,LAC,2026-02-05 06:00:39+00:00,0.585
WAS,DET,2026-02-06 02:45:39+00:00,0.885
BKN,ORL,2026-02-06 02:53:32+00:00,0.225
CHI,TOR,2026-02-06 03:03:34+00:00,0.265
UTA,ATL,2026-02-06 03:05:31+00:00,0.745
CHA,HOU,2026-02-06 03:50:28+00:00,0.385
SAS,DAL,2026-02-06 04:05:28+00:00,0.265
GSW,PHX,2026-02-06 05:35:24+00:00,0.345
PHI,LAL,2026-02-06 05:57:25+00:00,0.575
NYK,DET,2026-02-07 03:15:34+00:00,0.665
MIA,BOS,2026-02-07 03:15:35+00:00,0.675
IND,MIL,2026-02-07 03:30:20+00:00,0.525
NOP,MIN,2026-02-07 03:33:27+00:00,0.755
MEM,POR,2026-02-07 05:31:33+00:00,0.285
LAC,SAC,2026-02-07 05:51:22+00:00,0.605
WAS,BKN,2026-02-07 22:32:04+00:00,0.675
HOU,OKC,2026-02-07 23:23:48+00:00,0.395
DAL,SAS,2026-02-08 01:41:42+00:00,0.215
UTA,ORL,2026-02-08 02:45:43+00:00,0.715
CHA,ATL,2026-02-08 03:13:32+00:00,0.465
DEN,CHI,2026-02-08 03:40:26+00:00,0.275
GSW,LAL,2026-02-08 04:15:31+00:00,0.465
PHI,PHX,2026-02-08 05:05:25+00:00,0.455
MEM,POR,2026-02-08 05:29:52+00:00,0.275
CLE,SAC,2026-02-08 05:35:27+00:00,0.855
NYK,BOS,2026-02-08 20:10:50+00:00,0.605
MIA,WAS,2026-02-08 21:35:28+00:00,0.865
IND,TOR,2026-02-08 22:45:27+00:00,0.225
LAC,MIN,2026-02-08 22:45:28+00:00,0.245
DET,CHA,2026-02-10 02:53:51+00:00,0.425
MIL,ORL,2026-02-10 03:13:44+00:00,0.225
CHI,BKN,2026-02-10 03:17:43+00:00,0.425
UTA,MIA,2026-02-10 03:25:36+00:00,0.695
SAC,NOP,2026-02-10 03:43:32+00:00,0.775
ATL,MIN,2026-02-10 03:45:38+00:00,0.225
CLE,DEN,2026-02-10 04:50:31+00:00,0.465
PHI,POR,2026-02-10 05:57:26+00:00,0.535
MEM,GSW,2026-02-10 05:57:26+00:00,0.765
OKC,LAL,2026-02-10 06:00:37+00:00,0.315
IND,NYK,2026-02-11 03:35:29+00:00,0.175
LAC,HOU,2026-02-11 03:40:17+00:00,0.745
DAL,PHX,2026-02-11 04:27:27+00:00,0.265
SAS,LAL,2026-02-11 06:03:27+00:00,0.155
MIL,ORL,2026-02-12 02:41:33+00:00,0.195
ATL,CHA,2026-02-12 02:44:03+00:00,0.455
CHI,BOS,2026-02-12 02:54:01+00:00,0.855
WAS,CLE,2026-02-12 02:58:04+00:00,0.895
IND,BKN,2026-02-12 03:08:00+00:00,0.675
NYK,PHI,2026-02-12 03:10:37+00:00,0.565
DET,TOR,2026-02-12 03:20:35+00:00,0.485
MIA,NOP,2026-02-12 03:37:49+00:00,0.475
POR,MIN,2026-02-12 03:41:52+00:00,0.735
LAC,HOU,2026-02-12 03:47:41+00:00,0.745
SAC,UTA,2026-02-12 04:27:39+00:00,0.345
OKC,PHX,2026-02-12 04:40:45+00:00,0.715
MEM,DEN,2026-02-12 04:43:32+00:00,0.845
SAS,GSW,2026-02-12 05:57:33+00:00,0.335
MIL,OKC,2026-02-13 03:01:29+00:00,0.175
POR,UTA,2026-02-13 04:41:28+00:00,0.685
DAL,LAL,2026-02-13 05:37:28+00:00,0.305
BKN,CLE,2026-02-20 02:31:05+00:00,0.115
HOU,CHA,2026-02-20 02:34:39+00:00,0.375
ATL,PHI,2026-02-20 02:50:45+00:00,0.485
IND,WAS,2026-02-20 02:50:47+00:00,0.545
DET,NYK,2026-02-20 03:16:45+00:00,0.405
TOR,CHI,2026-02-20 03:44:27+00:00,0.325
PHX,SAS,2026-02-20 03:56:24+00:00,0.275
BOS,GSW,2026-02-20 05:42:22+00:00,0.675
ORL,SAC,2026-02-20 05:44:20+00:00,0.755
DEN,LAC,2026-02-20 06:22:08+00:00,0.625
IND,WAS,2026-02-21 02:34:54+00:00,0.475
UTA,MEM,2026-02-21 02:36:48+00:00,0.565
CLE,CHA,2026-02-21 02:44:50+00:00,0.345
MIA,ATL,2026-02-21 02:58:36+00:00,0.425
DAL,MIN,2026-02-21 03:20:45+00:00,0.135
MIL,NOP,2026-02-21 03:23:34+00:00,0.385
DEN,POR,2026-02-21 05:46:19+00:00,0.485
LAC,LAL,2026-02-21 05:52:20+00:00,0.325
ORL,PHX,2026-02-22 01:16:22+00:00,0.405
PHI,NOP,2026-02-22 02:46:19+00:00,0.395
DET,CHI,2026-02-22 03:30:36+00:00,0.175
MEM,MIA,2026-02-22 03:44:18+00:00,0.175
HOU,NYK,2026-02-22 04:24:05+00:00,0.395
CLE,OKC,2026-02-22 20:48:38+00:00,0.625
BKN,ATL,2026-02-22 23:12:44+00:00,0.785
TOR,MIL,2026-02-22 23:18:30+00:00,0.415
DEN,GSW,2026-02-22 23:22:34+00:00,0.695
DAL,IND,2026-02-23 00:36:30+00:00,0.5
CHA,WAS,2026-02-23 01:30:48+00:00,0.835
BOS,LAL,2026-02-23 02:04:30+00:00,0.515
PHI,MIN,2026-02-23 02:36:15+00:00,0.76
POR,PHX,2026-02-23 03:24:23+00:00,0.435
NYK,CHI,2026-02-23 03:50:28+00:00,0.205
ORL,LAC,2026-02-23 04:50:23+00:00,0.635
SAS,DET,2026-02-24 03:12:23+00:00,0.525
SAC,MEM,2026-02-24 03:42:29+00:00,0.565
UTA,HOU,2026-02-24 05:01:05+00:00,0.875
PHI,IND,2026-02-25 02:38:48+00:00,0.185
OKC,TOR,2026-02-25 03:12:53+00:00,0.435
NYK,CLE,2026-02-25 03:20:59+00:00,0.615
CHA,CHI,2026-02-25 03:22:44+00:00,0.745
MIA,MIL,2026-02-25 03:40:53+00:00,0.675
DAL,BKN,2026-02-25 03:43:03+00:00,0.465
WAS,ATL,2026-02-25 03:44:24+00:00,0.855
GSW,NOP,2026-02-25 03:48:29+00:00,0.525
BOS,PHX,2026-02-25 04:20:37+00:00,0.675
MIN,POR,2026-02-25 05:54:15+00:00,0.685
ORL,LAL,2026-02-25 06:16:21+00:00,0.685
GSW,MEM,2026-02-26 03:06:31+00:00,0.625
SAS,TOR,2026-02-26 03:18:30+00:00,0.665
OKC,DET,2026-02-26 03:20:34+00:00,0.785
CLE,MIL,2026-02-26 03:36:22+00:00,0.605
SAC,HOU,2026-02-26 03:54:17+00:00,0.875
BOS,DEN,2026-02-26 05:46:09+00:00,0.435
CHA,IND,2026-02-27 02:36:07+00:00,0.86
MIA,PHI,2026-02-27 02:40:27+00:00,0.415
WAS,ATL,2026-02-27 02:56:00+00:00,0.815
SAS,BKN,2026-02-27 03:00:43+00:00,0.175
HOU,ORL,2026-02-27 03:20:23+00:00,0.565
POR,CHI,2026-02-27 03:40:23+00:00,0.38
SAC,DAL,2026-02-27 04:03:47+00:00,0.745
LAL,PHX,2026-02-27 04:41:45+00:00,0.665
NOP,UTA,2026-02-27 04:43:46+00:00,0.685
MIN,LAC,2026-02-27 05:57:44+00:00,0.255
NYK,MIL,2026-02-28 03:32:04+00:00,0.275
CLE,DET,2026-02-28 03:35:31+00:00,0.245
MEM,DAL,2026-02-28 04:05:54+00:00,0.645
DEN,OKC,2026-02-28 05:44:21+00:00,0.305
POR,CHA,2026-02-28 20:46:01+00:00,0.735
HOU,MIA,2026-02-28 23:27:56+00:00,0.565
TOR,WAS,2026-03-01 02:41:54+00:00,0.875
LAL,GSW,2026-03-01 03:57:04+00:00,0.405
NOP,UTA,2026-03-01 05:17:48+00:00,0.68
SAS,NYK,2026-03-01 20:56:12+00:00,0.495
MIL,CHI,2026-03-01 23:32:10+00:00,0.435
CLE,BKN,2026-03-01 23:36:07+00:00,0.145
MIN,DEN,2026-03-01 23:41:13+00:00,0.575
MEM,IND,2026-03-02 01:01:09+00:00,0.495
POR,ATL,2026-03-02 01:30:59+00:00,0.675
DET,ORL,2026-03-02 01:37:52+00:00,0.655
OKC,DAL,2026-03-02 03:43:54+00:00,0.105
PHI,BOS,2026-03-02 03:45:59+00:00,0.765
NOP,LAC,2026-03-02 04:47:48+00:00,0.735
SAC,LAL,2026-03-02 05:03:50+00:00,0.865
HOU,WAS,2026-03-03 02:46:02+00:00,0.885
BOS,MIL,2026-03-03 02:50:38+00:00,0.565
DEN,UTA,2026-03-03 05:01:32+00:00,0.835
LAC,GSW,2026-03-03 05:37:23+00:00,0.485
DET,CLE,2026-03-04 02:38:05+00:00,0.435
DAL,CHA,2026-03-04 02:44:15+00:00,0.855
NYK,TOR,2026-03-04 03:08:02+00:00,0.565
BKN,MIA,2026-03-04 03:11:20+00:00,0.145
OKC,CHI,2026-03-04 03:33:59+00:00,0.225
MEM,MIN,2026-03-04 03:40:51+00:00,0.145
SAS,PHI,2026-03-04 04:01:10+00:00,0.265
NOP,LAL,2026-03-04 06:15:53+00:00,0.745
PHX,SAC,2026-03-04 06:45:47+00:00,0.775